,pathogen,memory_window,behaviour_function,r,alpha,vaccine_efficacy,final_cases,final_deaths,peak_cases,peak_deaths,epidemic_duration,vaccinations_administered
0,sarscov2,0,cases,0.0,0.0,0.25,94108.90111345668,600.4094834027405,30086.88221586075,600.4094834027405,217,0.0
1,sarscov2,0,cases,0.0,0.0,0.5,94108.90111345668,600.4094834027405,30086.88221586075,600.4094834027405,217,0.0
2,sarscov2,0,cases,0.0,0.0,0.9,94108.90111345668,600.4094834027405,30086.88221586075,600.4094834027405,217,0.0
3,sarscov2,0,cases,0.0,0.5,0.25,92557.02383232416,562.9959986933737,28183.6685420448,562.9959986933737,224,37442.47632851854
4,sarscov2,0,cases,0.0,0.5,0.5,89164.62610139103,520.6012439392503,25574.20920679089,520.6012439392503,234,39372.41982500116
5,sarscov2,0,cases,0.0,0.5,0.9,74576.19214763369,447.35352565787923,19552.428232255523,447.35352565787923,242,42968.98295012537
6,sarscov2,0,cases,0.0,1.0,0.25,91380.16658059368,535.6179883011207,26739.50726691002,535.6179883011207,231,57274.20485587372
7,sarscov2,0,cases,0.0,1.0,0.5,84796.48236145143,457.405387228858,21960.117506056074,457.405387228858,251,61357.343682280014
8,sarscov2,0,cases,0.0,1.0,0.9,53342.64052177025,300.77496748276513,10998.420662763412,300.77496748276513,273,70325.96307652733
9,sarscov2,0,cases,0.0,1.5,0.25,90473.68407973464,515.0840897097597,25637.000394304603,515.0840897097597,236,68659.63596469242
10,sarscov2,0,cases,0.0,1.5,0.5,81003.17421906977,407.5072153679056,19084.45821131493,407.5072153679056,269,74221.76360150619
11,sarscov2,0,cases,0.0,1.5,0.9,31025.401329202625,164.730212670632,4875.073909415048,164.730212670632,304,85740.3759301163
12,sarscov2,0,cases,0.0,2.0,0.25,89764.38936182932,499.33791483985726,24770.780115088797,499.33791483985726,241,75862.7057288113
13,sarscov2,0,cases,0.0,2.0,0.5,77755.94491234829,368.1453668926548,16807.754323342444,368.1453668926548,286,81917.7911389715
14,sarscov2,0,cases,0.0,2.0,0.9,12593.43434088126,63.70581184236171,1608.846763158631,63.70581184236171,313,92524.98605850893
15,sarscov2,0,cases,1.0,0.0,0.25,91010.02898775166,527.5057337978067,26382.70361335372,527.5057337978067,232,67413.7241771022
16,sarscov2,0,cases,1.0,0.0,0.5,83725.97222703684,443.0238283211568,21273.579206404334,443.0238283211568,254,70799.25214366765
17,sarscov2,0,cases,1.0,0.0,0.9,51635.45826102901,289.5128136478206,10512.261589008733,289.5128136478206,273,73580.0003213479
18,sarscov2,0,cases,1.0,0.5,0.25,90038.45462050619,505.77001971439006,25210.162922941105,505.77001971439006,238,78154.38353050196
19,sarscov2,0,cases,1.0,0.5,0.5,79558.66171559863,389.82907602452053,18232.277530065276,389.82907602452053,273,82858.78786632573
20,sarscov2,0,cases,1.0,0.5,0.9,28494.978218986296,150.07989882557314,4414.130526998346,150.07989882557314,301,87974.10088264853
21,sarscov2,0,cases,1.0,1.0,0.25,89301.77124896235,489.615491916392,24315.656946399653,489.615491916392,243,84257.37843392688
22,sarscov2,0,cases,1.0,1.0,0.5,76047.8235408109,348.82977618332467,15868.435275805447,348.82977618332467,292,89370.52455514188
23,sarscov2,0,cases,1.0,1.0,0.9,10734.550333524403,53.91643837711284,1383.4404292203653,53.91643837711284,304,93684.82288748313
24,sarscov2,0,cases,1.0,1.5,0.25,88732.45866222051,477.31440696343554,23618.40082172076,477.31440696343554,247,87999.65021188409
25,sarscov2,0,cases,1.0,1.5,0.5,73133.69970613002,317.23754750374826,14033.934451346722,317.23754750374826,311,93071.88893914499
26,sarscov2,0,cases,1.0,1.5,0.9,3459.2740485221357,16.962298392992643,438.1285677808344,16.962298392992643,272,95124.4124281267
27,sarscov2,0,cases,1.0,2.0,0.25,88284.60491639884,467.7446571423459,23066.071419111162,467.7446571423459,251,90508.85499339562
28,sarscov2,0,cases,1.0,2.0,0.5,70740.22322968449,292.8359685533354,12607.87617472196,292.8359685533354,329,95247.32450863907
29,sarscov2,0,cases,1.0,2.0,0.9,1332.6333159195547,6.450709297438337,177.5397130521713,6.450709297438337,236,95468.46311962655
30,sarscov2,0,cases,2.0,0.0,0.25,88829.27461954381,479.7902179799868,23830.89705500885,479.7902179799868,245,90602.16555768793
31,sarscov2,0,cases,2.0,0.0,0.5,74230.44337282961,329.085496674954,14907.75171982783,329.085496674954,300,94532.7189258973
32,sarscov2,0,cases,2.0,0.0,0.9,9113.497963060046,45.46805498902289,1189.1918257059497,45.46805498902289,295,94636.3268400189
33,sarscov2,0,cases,2.0,0.5,0.25,88267.71095667567,467.77206509907137,23137.39847750473,467.77206509907137,250,93291.91053044633
34,sarscov2,0,cases,2.0,0.5,0.5,71197.36003829844,297.60846261148174,13064.455784078295,297.60846261148174,321,96901.84264235222
35,sarscov2,0,cases,2.0,0.5,0.9,2932.3191186375993,14.312710646476463,382.10326319333336,14.312710646476463,262,95695.86432999952
36,sarscov2,0,cases,2.0,1.0,0.25,87837.73205685797,458.6573758056699,22611.961485319778,458.6573758056699,254,94931.24863559134
37,sarscov2,0,cases,2.0,1.0,0.5,68778.59512068561,274.03732268050726,11672.787454791549,274.03732268050726,340,98107.13474947894
38,sarscov2,0,cases,2.0,1.0,0.9,1162.3011269194062,5.60460438052331,159.53252294029772,5.60460438052331,227,95872.20050669923
39,sarscov2,0,cases,2.0,1.5,0.25,87501.83761409033,451.586761147562,22184.21711784845,451.586761147562,257,95988.54137408361
40,sarscov2,0,cases,2.0,1.5,0.5,66865.30796814781,256.29995306900025,10612.109239225389,256.29995306900025,358,98775.70353502301
41,sarscov2,0,cases,2.0,1.5,0.9,569.3736190517667,2.719656122623444,82.85281344387343,2.719656122623444,199,95899.92801842747
42,sarscov2,0,cases,2.0,2.0,0.25,87234.66210712686,445.9922823771554,21855.098479547756,445.9922823771554,259,96700.03316805988
43,sarscov2,0,cases,2.0,2.0,0.5,65356.60162261416,242.85278414030464,9800.675468110836,242.85278414030464,374,99159.77367593064
44,sarscov2,0,cases,2.0,2.0,0.9,325.77202260041815,1.5428487066597725,50.10883972735366,1.5428487066597725,177,95897.653542014
45,sarscov2,0,deaths,0.0,0.0,0.25,94108.90111345668,600.4094834027405,30086.88221586075,600.4094834027405,217,0.0
46,sarscov2,0,deaths,0.0,0.0,0.5,94108.90111345668,600.4094834027405,30086.88221586075,600.4094834027405,217,0.0
47,sarscov2,0,deaths,0.0,0.0,0.9,94108.90111345668,600.4094834027405,30086.88221586075,600.4094834027405,217,0.0
48,sarscov2,0,deaths,0.0,0.5,0.25,92638.09742307042,565.0253909305434,28316.892387206983,565.0253909305434,223,37494.24953760033
49,sarscov2,0,deaths,0.0,0.5,0.5,89456.88297570296,525.1125571905808,25897.757231308387,525.1125571905808,232,39964.33699314055
50,sarscov2,0,deaths,0.0,0.5,0.9,76302.91673264255,459.66020410786166,20490.42067313794,459.66020410786166,238,42507.300272309134
51,sarscov2,0,deaths,0.0,1.0,0.25,91447.40109276638,537.3582769543403,26883.549073104034,537.3582769543403,229,58433.05843136233
52,sarscov2,0,deaths,0.0,1.0,0.5,85064.21849639209,461.2090098303946,22310.799626484077,461.2090098303946,248,64134.260637905594
53,sarscov2,0,deaths,0.0,1.0,0.9,56666.3270428513,321.7239182690138,12377.603213246883,321.7239182690138,261,70399.29277450206
54,sarscov2,0,deaths,0.0,1.5,0.25,90487.3183741116,515.6429775629828,25720.40198504438,515.6429775629828,235,70812.70499583842
55,sarscov2,0,deaths,0.0,1.5,0.5,81016.97119210017,407.85826425069126,19301.27289678104,407.85826425069126,265,78365.49218166478
56,sarscov2,0,deaths,0.0,1.5,0.9,35664.37088894749,190.793981211201,6205.922103447931,190.793981211201,284,86378.67921549952
57,sarscov2,0,deaths,0.0,2.0,0.25,89712.94786868371,498.48934843494567,24785.388768429537,498.48934843494567,240,78413.0570011986
58,sarscov2,0,deaths,0.0,2.0,0.5,77380.84140326148,364.01659588717314,16801.15297744555,364.01659588717314,282,86556.69989164265
59,sarscov2,0,deaths,0.0,2.0,0.9,17091.156203170398,86.83691656898385,2483.1119964736145,86.83691656898385,291,93506.20317829157
60,sarscov2,0,deaths,1.0,0.0,0.25,91010.02898775166,527.5057337978067,26382.70361335372,527.5057337978067,232,67413.7241771022
61,sarscov2,0,deaths,1.0,0.0,0.5,83725.97222703684,443.0238283211568,21273.579206404334,443.0238283211568,254,70799.25214366765
62,sarscov2,0,deaths,1.0,0.0,0.9,51635.45826102901,289.5128136478206,10512.261589008733,289.5128136478206,273,73580.0003213479
63,sarscov2,0,deaths,1.0,0.5,0.25,90051.13812821108,506.13213891029534,25242.612013964972,506.13213891029534,237,78550.40047252839
64,sarscov2,0,deaths,1.0,0.5,0.5,79574.86666145908,390.08118273548826,18310.392997377603,390.08118273548826,272,83912.77590283193
65,sarscov2,0,deaths,1.0,0.5,0.9,30011.09936845186,158.43927683012646,4812.574968254818,158.43927683012646,295,88224.53989863418
66,sarscov2,0,deaths,1.0,1.0,0.25,89289.46211559576,489.48149787717966,24325.987750208147,489.48149787717966,242,85061.75923919442
67,sarscov2,0,deaths,1.0,1.0,0.5,75881.30331353022,347.06770138707185,15878.370741248154,347.06770138707185,291,90992.903409661
68,sarscov2,0,deaths,1.0,1.0,0.9,12695.494453741756,63.86010249821554,1737.655997399339,63.86010249821554,294,94149.85294892051
69,sarscov2,0,deaths,1.0,1.5,0.25,88681.87878179814,476.39119025589093,23600.434431043534,476.39119025589093,247,89101.61114892988
70,sarscov2,0,deaths,1.0,1.5,0.5,72686.99690276207,312.7133419463164,13907.854484920625,312.7133419463164,310,94760.19898130735
71,sarscov2,0,deaths,1.0,1.5,0.9,4671.157571404421,22.8602088172036,630.012728249092,22.8602088172036,267,95988.8991148197
72,sarscov2,0,deaths,1.0,2.0,0.25,88194.94395771716,466.0154180916128,22995.378463093068,466.0154180916128,250,91596.57325679385
73,sarscov2,0,deaths,1.0,2.0,0.5,69998.0489798775,285.690487357129,12337.54842718301,285.690487357129,329,96801.18339879192
74,sarscov2,0,deaths,1.0,2.0,0.9,1975.5313787613309,9.517108236474042,280.27306449020443,9.517108236474042,234,96550.18015546651
75,sarscov2,0,deaths,2.0,0.0,0.25,88829.27461954381,479.7902179799868,23830.89705500885,479.7902179799868,245,90602.16555768793
76,sarscov2,0,deaths,2.0,0.0,0.5,74230.44337282961,329.085496674954,14907.75171982783,329.085496674954,300,94532.7189258973
77,sarscov2,0,deaths,2.0,0.0,0.9,9113.497963060046,45.46805498902289,1189.1918257059497,45.46805498902289,295,94636.3268400189
78,sarscov2,0,deaths,2.0,0.5,0.25,88261.72481147145,467.6949239477692,23150.780551531316,467.6949239477692,249,93425.06334887822
79,sarscov2,0,deaths,2.0,0.5,0.5,71094.3127977025,296.61291995148474,13047.55072723281,296.61291995148474,320,97166.38447457939
80,sarscov2,0,deaths,2.0,0.5,0.9,3287.5388924516187,16.03451994475279,436.97830919788277,16.03451994475279,261,95981.10653104253
81,sarscov2,0,deaths,2.0,1.0,0.25,87812.44481554626,458.20359317145596,22594.142184334392,458.20359317145596,253,95190.0465968571
82,sarscov2,0,deaths,2.0,1.0,0.5,68503.69432382954,271.4974237721065,11583.714175332349,271.4974237721065,340,98455.92890463125
83,sarscov2,0,deaths,2.0,1.0,0.9,1445.3084948744806,6.95222295972653,204.4002660221885,6.95222295972653,227,96417.0812229075
84,sarscov2,0,deaths,2.0,1.5,0.25,87453.79410649845,450.67477190280795,22155.290190621094,450.67477190280795,256,96309.71733191382
85,sarscov2,0,deaths,2.0,1.5,0.5,66414.91363353774,252.30377500047177,10443.749307677988,252.30377500047177,359,99101.07269187747
86,sarscov2,0,deaths,2.0,1.5,0.9,768.7382108818706,3.6568173462844773,116.05445202869022,3.6568173462844773,201,96705.52719505972
87,sarscov2,0,deaths,2.0,2.0,0.25,87164.94680104427,444.63861403055193,21792.530384709695,444.63861403055193,259,97083.94646525345
88,sarscov2,0,deaths,2.0,2.0,0.5,64761.2854509604,237.7426242996616,9562.972752237696,237.7426242996616,376,99435.72358489556
89,sarscov2,0,deaths,2.0,2.0,0.9,469.89527739191834,2.212843421705312,75.3813802021215,2.212843421705312,180,96880.47077118441
90,ebola,0,cases,0.0,0.0,0.25,88643.4473786162,34570.57800035722,18096.393880366915,34570.57800035722,248,0.0
91,ebola,0,cases,0.0,0.0,0.5,88643.4473786162,34570.57800035722,18096.393880366915,34570.57800035722,248,0.0
92,ebola,0,cases,0.0,0.0,0.9,88643.4473786162,34570.57800035722,18096.393880366915,34570.57800035722,248,0.0
93,ebola,0,cases,0.0,0.5,0.25,84870.29355759901,31321.9504203037,15777.815180374773,31321.9504203037,263,35692.53686717357
94,ebola,0,cases,0.0,0.5,0.5,77690.58801680231,27421.368786918712,12838.238341892888,27421.368786918712,283,38642.70475786608
95,ebola,0,cases,0.0,0.5,0.9,53167.754953198484,19594.147524717355,7062.519776173088,19594.147524717355,306,45186.573009488566
96,ebola,0,cases,0.0,1.0,0.25,81904.57115890416,28983.388832114557,14109.578374097297,28983.388832114557,277,55087.74369873351
97,ebola,0,cases,0.0,1.0,0.5,66544.92206631802,21428.8165565525,8871.697840681752,21428.8165565525,324,62023.4324933801
98,ebola,0,cases,0.0,1.0,0.9,12146.999723805027,4273.200479518263,1038.3900811415797,4273.200479518263,333,76102.35519485871
99,ebola,0,cases,0.0,1.5,0.25,79588.40107986264,27271.642530045647,12888.193290200941,27271.642530045647,290,66694.654737754
100,ebola,0,cases,0.0,1.5,0.5,55834.86927503285,16553.438364977188,5994.608837799722,16553.438364977188,372,76303.81338425574
101,ebola,0,cases,0.0,1.5,0.9,1491.556831738244,517.670569396833,134.0429931331316,517.670569396833,253,82157.3570889079
102,ebola,0,cases,0.0,2.0,0.25,77774.85878754708,25994.976170890553,11972.851050879683,25994.976170890553,301,74111.71445608855
103,ebola,0,cases,0.0,2.0,0.5,46073.88461709577,12701.357148011404,3988.5950638969134,12701.357148011404,429,85123.9679595107
104,ebola,0,cases,0.0,2.0,0.9,396.04061633667493,136.63131691401372,40.65286250888001,136.63131691401372,192,82716.50961400777
105,ebola,0,cases,1.0,0.0,0.25,80748.85458345301,28137.86550365403,13596.566738325586,28137.86550365403,281,65063.90862117869
106,ebola,0,cases,1.0,0.0,0.5,62905.10672333004,19700.90157646042,7994.364921878798,19700.90157646042,331,71329.72941896332
107,ebola,0,cases,1.0,0.0,0.9,10517.06471572707,3692.141254975411,910.2238988616782,3692.141254975411,324,77968.13107742125
108,ebola,0,cases,1.0,0.5,0.25,78211.31735371785,26318.311842816307,12304.47008277978,26318.311842816307,295,75902.6744273475
109,ebola,0,cases,1.0,0.5,0.5,50435.901135535554,14370.366542223968,5029.057870219855,14370.366542223968,386,84731.69843501104
110,ebola,0,cases,1.0,0.5,0.9,1325.4770040065123,459.6254424949703,122.39743832858447,459.6254424949703,244,82842.68892470915
111,ebola,0,cases,1.0,1.0,0.25,76307.98219584598,25020.36270286167,11375.00012530443,25020.36270286167,307,82272.10593592344
112,ebola,0,cases,1.0,1.0,0.5,39415.40303273216,10352.549215391919,3091.383127572007,10352.549215391919,454,91964.06544931013
113,ebola,0,cases,1.0,1.0,0.9,367.1048200472604,126.550312520805,38.51512001327502,126.550312520805,187,83261.19341086896
114,ebola,0,cases,1.0,1.5,0.25,74865.10454489807,24071.94750390097,10690.897806814628,24071.94750390097,317,86317.3849964705
115,ebola,0,cases,1.0,1.5,0.5,30319.722823573644,7448.224753891315,1884.9199879890257,7448.224753891315,534,95773.43037756019
116,ebola,0,cases,1.0,1.5,0.9,161.88317340669838,55.46944601351858,18.948589599423908,55.46944601351858,151,83309.469926875
117,ebola,0,cases,1.0,2.0,0.25,73756.31278595183,23362.891796852546,10175.042575024989,23362.891796852546,326,89068.79201725051
118,ebola,0,cases,1.0,2.0,0.5,23211.145341675066,5409.333759146225,1157.5264541467063,5409.333759146225,626,97750.79834692436
119,ebola,0,cases,1.0,2.0,0.9,91.44633655005435,31.121681877179622,11.7623377728664,31.121681877179622,126,83175.2570101397
120,ebola,0,cases,2.0,0.0,0.25,74830.09205490538,24066.91940258669,10779.803317485292,24066.91940258669,314,88175.68738900809
121,ebola,0,cases,2.0,0.0,0.5,32738.8827593432,8188.922357433898,2316.0146797494413,8188.922357433898,488,95759.91043363187
122,ebola,0,cases,2.0,0.0,0.9,341.3969609454453,117.59440980483659,36.574198760905865,117.59440980483659,182,83719.20712446721
123,ebola,0,cases,2.0,0.5,0.25,73439.22304780781,23178.835289973795,10129.480386498708,23178.835289973795,325,91183.76108791414
124,ebola,0,cases,2.0,0.5,0.5,23827.272892277244,5578.435011943035,1313.2411510117877,5578.435011943035,587,97987.66502523149
125,ebola,0,cases,2.0,0.5,0.9,153.74596660524045,52.630431960963534,18.314110923762534,52.630431960963534,147,83546.81265072877
126,ebola,0,cases,2.0,1.0,0.25,72414.19566784454,22540.50653960664,9654.462566702001,22540.50653960664,334,93137.94512438678
127,ebola,0,cases,2.0,1.0,0.5,17494.48218468071,3905.3153097307986,764.9103173147664,3905.3153097307986,703,98981.57537120291
128,ebola,0,cases,2.0,1.0,0.9,87.99666298627982,29.925359671400464,11.482406784083613,29.925359671400464,124,83574.50924585617
129,ebola,0,cases,2.0,1.5,0.25,71643.11098156798,22069.03367001877,9300.596904111031,22069.03367001877,341,94478.69684727099
130,ebola,0,cases,2.0,1.5,0.5,13123.196504937765,2833.5640729538372,464.24920456139375,2833.5640729538372,831,99438.60763016883
131,ebola,0,cases,2.0,1.5,0.9,58.01764445773864,19.58898318845949,8.204034954850677,19.58898318845949,107,83521.76197134718
132,ebola,0,cases,2.0,2.0,0.25,71051.58423902017,21712.269139692606,9030.306557101125,21712.269139692606,348,95456.3672253038
133,ebola,0,cases,2.0,2.0,0.5,10116.423952970206,2134.378604477095,295.28112275480566,2134.378604477095,968,99664.87516314261
134,ebola,0,cases,2.0,2.0,0.9,41.88853939833126,14.035038059516227,6.365364898278612,14.035038059516227,94,83443.18511940117
135,ebola,0,deaths,0.0,0.0,0.25,88643.4473786162,34570.57800035722,18096.393880366915,34570.57800035722,248,0.0
136,ebola,0,deaths,0.0,0.0,0.5,88643.4473786162,34570.57800035722,18096.393880366915,34570.57800035722,248,0.0
137,ebola,0,deaths,0.0,0.0,0.9,88643.4473786162,34570.57800035722,18096.393880366915,34570.57800035722,248,0.0
138,ebola,0,deaths,0.0,0.5,0.25,85009.07972483622,31441.821839989905,15885.72215370922,31441.821839989905,262,35663.87267326196
139,ebola,0,deaths,0.0,0.5,0.5,78150.98722334852,27701.648418854744,13102.55076818713,27701.648418854744,279,38925.12781289426
140,ebola,0,deaths,0.0,0.5,0.9,56053.69501932549,20732.24383393697,7821.623793937135,20732.24383393697,296,43793.05633088481
141,ebola,0,deaths,0.0,1.0,0.25,81959.72707329327,29034.800273486497,14190.433086515255,29034.800273486497,275,56069.40810409805
142,ebola,0,deaths,0.0,1.0,0.5,66693.47280728,21513.7697305052,9062.74843957749,21513.7697305052,317,64141.8009481656
143,ebola,0,deaths,0.0,1.0,0.9,16993.28910521368,6001.5909948830185,1597.4886114846859,6001.5909948830185,320,75082.130627117
144,ebola,0,deaths,0.0,1.5,0.25,79470.49200470757,27197.69154251572,12884.419489868458,27197.69154251572,288,68449.76001845658
145,ebola,0,deaths,0.0,1.5,0.5,54957.8994601656,16196.364267285648,5981.119464066824,16196.364267285648,364,79641.39567380295
146,ebola,0,deaths,0.0,1.5,0.9,2732.547654637648,948.681431491499,258.50078146611213,948.681431491499,258,83728.88642758384
147,ebola,0,deaths,0.0,2.0,0.25,77471.77674133558,25797.335404815472,11883.119684469582,25797.335404815472,300,76323.90321219151
148,ebola,0,deaths,0.0,2.0,0.5,43816.82673833062,11886.386451856859,3789.4299583061793,11886.386451856859,423,88748.76318726917
149,ebola,0,deaths,0.0,2.0,0.9,774.5322404655889,267.17550726136574,82.7233082764007,267.17550726136574,203,85282.2407532721
150,ebola,0,deaths,1.0,0.0,0.25,80748.85458345301,28137.86550365403,13596.566738325586,28137.86550365403,281,65063.90862117869
151,ebola,0,deaths,1.0,0.0,0.5,62905.10672333004,19700.90157646042,7994.364921878798,19700.90157646042,331,71329.72941896332
152,ebola,0,deaths,1.0,0.0,0.9,10517.06471572707,3692.141254975411,910.2238988616782,3692.141254975411,324,77968.13107742125
153,ebola,0,deaths,1.0,0.5,0.25,78203.5374993876,26316.169334734266,12318.042523376822,26316.169334734266,294,76211.3897605994
154,ebola,0,deaths,1.0,0.5,0.5,50257.728264700025,14302.934542893378,5047.901471501755,14302.934542893378,383,85384.42925619162
155,ebola,0,deaths,1.0,0.5,0.9,1627.9870383486027,564.5414848595386,152.6545836544125,564.5414848595386,246,83397.22205671063
156,ebola,0,deaths,1.0,1.0,0.25,76210.66403111457,24960.140279113788,11356.322387945507,24960.140279113788,306,82903.4303512778
157,ebola,0,deaths,1.0,1.0,0.5,38600.01843244643,10079.28130314293,3045.7102525705236,10079.28130314293,450,92837.40451786765
158,ebola,0,deaths,1.0,1.0,0.9,513.1359961556616,176.8822317149271,54.849604701387435,176.8822317149271,192,84448.88315112866
159,ebola,0,deaths,1.0,1.5,0.25,74661.22475456679,23945.34083925261,10625.79132177151,23945.34083925261,317,87177.64358655739
160,ebola,0,deaths,1.0,1.5,0.5,28870.412857866922,7016.877816962091,1792.5131994723315,7016.877816962091,533,96529.12272154077
161,ebola,0,deaths,1.0,1.5,0.9,245.83706964660468,84.27782428854972,29.32325142855897,84.27782428854972,159,85176.0822118029
162,ebola,0,deaths,1.0,2.0,0.25,73457.26488305024,23179.363111346684,10069.749526440712,23179.363111346684,326,90024.31041799548
163,ebola,0,deaths,1.0,2.0,0.5,21416.77777581279,4924.128215291444,1056.3316814040636,4924.128215291444,632,98281.34378387724
164,ebola,0,deaths,1.0,2.0,0.9,147.41246454334987,50.25159583366393,19.274504297282693,50.25159583366393,136,85631.55021757053
165,ebola,0,deaths,2.0,0.0,0.25,74830.09205490538,24066.91940258669,10779.803317485292,24066.91940258669,314,88175.68738900809
166,ebola,0,deaths,2.0,0.0,0.5,32738.8827593432,8188.922357433898,2316.0146797494413,8188.922357433898,488,95759.91043363187
167,ebola,0,deaths,2.0,0.0,0.9,341.3969609454453,117.59440980483659,36.574198760905865,117.59440980483659,182,83719.20712446721
168,ebola,0,deaths,2.0,0.5,0.25,73386.3087089125,23146.816437908426,10111.649050512708,23146.816437908426,324,91316.4221637307
169,ebola,0,deaths,2.0,0.5,0.5,23506.851176270207,5490.083279957165,1296.4495940562722,5490.083279957165,587,98065.17657933444
170,ebola,0,deaths,2.0,0.5,0.9,174.19466599638253,59.64989052024326,20.864801306768037,59.64989052024326,150,84263.67321910712
171,ebola,0,deaths,2.0,1.0,0.25,72298.21654062203,22470.886650108623,9613.499691239278,22470.886650108623,334,93398.26193007911
172,ebola,0,deaths,2.0,1.0,0.5,16978.204365143232,3774.8926366445294,740.6890800628191,3774.8926366445294,706,99051.82335093396
173,ebola,0,deaths,2.0,1.0,0.9,108.91728696612854,37.06790925130142,14.323877005092063,37.06790925130142,128,84633.53422245388
174,ebola,0,deaths,2.0,1.5,0.25,71471.65403154778,21967.088419699052,9234.62012633743,21967.088419699052,341,94809.38850883399
175,ebola,0,deaths,2.0,1.5,0.5,12563.13427776416,2700.585007485597,441.76021907221525,2700.585007485597,839,99486.22867076963
176,ebola,0,deaths,2.0,1.5,0.9,76.87082564116989,26.00654090954594,10.942960628379964,26.00654090954594,113,85181.2614379411
177,ebola,0,deaths,2.0,2.0,0.25,70836.46576945095,21585.410589660823,8944.995535133721,21585.410589660823,348,95830.59419611578
178,ebola,0,deaths,2.0,2.0,0.5,9605.17313556172,2018.114310279137,277.8863410732968,2018.114310279137,981,99698.13649994822
179,ebola,0,deaths,2.0,2.0,0.9,58.57655074271402,19.69343030209444,8.938731027056745,19.69343030209444,101,85497.6428571818
180,influenza,0,cases,0.0,0.0,0.25,58283.224719452446,5.8282444869032926,6302.594576046175,5.8282444869032926,328,0.0
181,influenza,0,cases,0.0,0.0,0.5,58283.224719452446,5.8282444869032926,6302.594576046175,5.8282444869032926,328,0.0
182,influenza,0,cases,0.0,0.0,0.9,58283.224719452446,5.8282444869032926,6302.594576046175,5.8282444869032926,328,0.0
183,influenza,0,cases,0.0,0.5,0.25,49111.16236962282,4.585776415155514,4421.166106931972,4.585776415155514,362,51644.32290250674
184,influenza,0,cases,0.0,0.5,0.5,33941.20190358547,3.012753273249443,2364.3237228890666,3.012753273249443,405,57150.22071776186
185,influenza,0,cases,0.0,0.5,0.9,5186.26554385177,0.4926803105662657,274.0919779869326,0.4926803105662657,365,58421.83511720329
186,influenza,0,cases,0.0,1.0,0.25,42469.30733570274,3.769551764182099,3258.2639969203165,3.769551764182099,400,73205.30421499112
187,influenza,0,cases,0.0,1.0,0.5,11875.98861597765,0.9443335575578083,518.488840404846,0.9443335575578083,491,81949.10705885894
188,influenza,0,cases,0.0,1.0,0.9,279.3954405008641,0.026261046987892167,19.095483789644145,0.026261046987892167,200,61677.11430367705
189,influenza,0,cases,0.0,1.5,0.25,37688.706533727076,3.223329375010906,2521.8462759280574,3.223329375010906,439,83513.64515884501
190,influenza,0,cases,0.0,1.5,0.5,2519.740890957559,0.19083322980273554,97.5587179353229,0.19083322980273554,446,88325.21586107413
191,influenza,0,cases,0.0,1.5,0.9,84.858059068416,0.007898675010106418,7.2663271407751875,0.007898675010106418,134,61816.73057798526
192,influenza,0,cases,0.0,2.0,0.25,34229.6808834805,2.8488964620565103,2040.508288052525,2.8488964620565103,476,88920.28221371361
193,influenza,0,cases,0.0,2.0,0.5,749.6987873070252,0.05618443895580258,32.04233282157744,0.05618443895580258,351,89370.85938325929
194,influenza,0,cases,0.0,2.0,0.9,43.891075972449514,0.004040045503514204,4.470386401691253,0.004040045503514204,101,61947.98536409066
195,influenza,0,cases,1.0,0.0,0.25,39110.535590713145,3.3839587406630995,2828.7005654740624,3.3839587406630995,411,87043.73041908268
196,influenza,0,cases,1.0,0.0,0.5,7095.380944309302,0.5502354426623874,317.4372748437288,0.5502354426623874,450,89432.51515945759
197,influenza,0,cases,1.0,0.0,0.9,261.4449186339507,0.024562522881118976,18.256588388763667,0.024562522881118976,195,62276.99378871326
198,influenza,0,cases,1.0,0.5,0.25,34003.470660737694,2.826408832625486,2103.07632368132,2.826408832625486,458,94077.43738658757
199,influenza,0,cases,1.0,0.5,0.5,1515.09572573454,0.11402065556378929,66.84990985228617,0.11402065556378929,377,91757.35781539795
200,influenza,0,cases,1.0,0.5,0.9,81.88532210821636,0.0076189067775988585,7.114672724811034,0.0076189067775988585,132,62321.22243069504
201,influenza,0,cases,1.0,1.0,0.25,30592.0961248737,2.4745840057585,1663.1808303647035,2.4745840057585,503,96934.26343728532
202,influenza,0,cases,1.0,1.0,0.5,530.9570051919636,0.03969880418649438,25.611833550092328,0.03969880418649438,303,91766.18164193702
203,influenza,0,cases,1.0,1.0,0.9,42.77676135034234,0.003933312274026198,4.416379177753316,0.003933312274026198,99,62038.32522549007
204,influenza,0,cases,1.0,1.5,0.25,28275.000444287725,2.244798645947263,1384.2635542857993,2.244798645947263,545,98243.57542100313
205,influenza,0,cases,1.0,1.5,0.5,261.87167529628096,0.019523070343379925,13.886805980335133,0.019523070343379925,249,91491.70938325724
206,influenza,0,cases,1.0,1.5,0.9,27.917286167328765,0.002537000873991599,3.311743135650374,0.002537000873991599,80,62212.7774178366
207,influenza,0,cases,1.0,2.0,0.25,26667.709936972336,2.0896954374445644,1199.9893188510755,2.0896954374445644,582,98896.88885117526
208,influenza,0,cases,1.0,2.0,0.5,157.5014460983793,0.01171634482201844,9.124078480469384,0.01171634482201844,211,91303.05856105052
209,influenza,0,cases,1.0,2.0,0.9,20.447610040393744,0.0018354007619660868,2.731637432662067,0.0018354007619660868,67,62252.34668463848
210,influenza,0,cases,2.0,0.0,0.25,27516.290461093322,2.1717968342999394,1352.8764616487135,2.1717968342999394,541,99544.46084024882
211,influenza,0,cases,2.0,0.0,0.5,407.0098163313664,0.030380393304993418,21.504557977190714,0.030380393304993418,270,93277.28762588264
212,influenza,0,cases,2.0,0.0,0.9,41.823864203685616,0.003844355641728227,4.364005103276373,0.003844355641728227,98,62467.69916278379
213,influenza,0,cases,2.0,0.5,0.25,25642.46952553172,1.9930632242374513,1130.5158318555395,1.9930632242374513,588,99806.27973049869
214,influenza,0,cases,2.0,0.5,0.5,216.07795924093904,0.01608779017290273,12.384189489529644,0.01608779017290273,227,92892.79733290881
215,influenza,0,cases,2.0,0.5,0.9,27.422905938547373,0.0024901365591958966,3.2863996051323334,0.0024901365591958966,79,62418.59662969057
216,influenza,0,cases,2.0,1.0,0.25,24445.55166444325,1.8813403613308042,991.9190742795761,1.8813403613308042,628,99904.40542173189
217,influenza,0,cases,2.0,1.0,0.5,136.02317148321364,0.010106602948257026,8.426439935351487,0.010106602948257026,195,92547.47173019058
218,influenza,0,cases,2.0,1.0,0.9,20.1269914675335,0.0018042750227842083,2.717044344157385,0.0018042750227842083,66,62276.38577169128
219,influenza,0,cases,2.0,1.5,0.25,23655.148453039616,1.808593346560242,901.6030639602898,1.808593346560242,661,99946.48311579315
220,influenza,0,cases,2.0,1.5,0.5,95.27266049670105,0.0070647721987304275,6.347153369858191,0.0070647721987304275,171,92308.20050287028
221,influenza,0,cases,2.0,1.5,0.9,15.868426423901793,0.0014052088613239948,2.370055371933504,0.0014052088613239948,57,62371.88228202731
222,influenza,0,cases,2.0,2.0,0.25,23116.10325892653,1.7594455650118916,840.4251170118181,1.7594455650118916,688,99966.87996013557
223,influenza,0,cases,2.0,2.0,0.5,71.61504544286178,0.005300149643337607,5.108876721487583,0.005300149643337607,152,92102.2470595414
224,influenza,0,cases,2.0,2.0,0.9,13.075011714709385,0.0011432014380436835,2.1381592318514278,0.0011432014380436835,50,62320.47137235625
225,influenza,0,deaths,0.0,0.0,0.25,58283.224719452446,5.8282444869032926,6302.594576046175,5.8282444869032926,328,0.0
226,influenza,0,deaths,0.0,0.0,0.5,58283.224719452446,5.8282444869032926,6302.594576046175,5.8282444869032926,328,0.0
227,influenza,0,deaths,0.0,0.0,0.9,58283.224719452446,5.8282444869032926,6302.594576046175,5.8282444869032926,328,0.0
228,influenza,0,deaths,0.0,0.5,0.25,49331.68864568918,4.6145787522893595,4485.091662136907,4.6145787522893595,358,52328.25187159799
229,influenza,0,deaths,0.0,0.5,0.5,34661.33530234647,3.0877819998910017,2500.1251151729966,3.0877819998910017,393,58303.696987668125
230,influenza,0,deaths,0.0,0.5,0.9,7539.413386149145,0.7175797635343378,423.92915780285796,0.7175797635343378,362,58331.225507366165
231,influenza,0,deaths,0.0,1.0,0.25,42415.07931404558,3.7638204759084726,3283.230229796438,3.7638204759084726,395,75208.11231947172
232,influenza,0,deaths,0.0,1.0,0.5,12364.573844572244,0.9853573286271409,588.3603392415314,0.9853573286271409,458,84241.52320549116
233,influenza,0,deaths,0.0,1.0,0.9,497.6605033367265,0.04682247995122923,34.53267958028161,0.04682247995122923,216,64138.425454364
234,influenza,0,deaths,0.0,1.5,0.25,37276.17101764215,3.1783699156756136,2498.0086178246747,3.1783699156756136,434,85822.44480765171
235,influenza,0,deaths,0.0,1.5,0.5,2928.043647454855,0.2220731572852953,127.57439259726863,0.2220731572852953,413,90682.39832777705
236,influenza,0,deaths,0.0,1.5,0.9,156.8519988103016,0.014650679552645166,13.386029592334076,0.014650679552645166,152,65335.91440519962
237,influenza,0,deaths,0.0,2.0,0.25,33514.36164530073,2.7740892975229006,1979.1015149633404,2.7740892975229006,474,91128.11707048223
238,influenza,0,deaths,0.0,2.0,0.5,962.402719978136,0.07214120230614413,46.11047525167173,0.07214120230614413,333,92020.5995920681
239,influenza,0,deaths,0.0,2.0,0.9,82.8475687608828,0.007678664854975234,8.243037511895702,0.007678664854975234,119,66184.18436052279
240,influenza,0,deaths,1.0,0.0,0.25,39110.535590713145,3.3839587406630995,2828.7005654740624,3.3839587406630995,411,87043.73041908268
241,influenza,0,deaths,1.0,0.0,0.5,7095.380944309302,0.5502354426623874,317.4372748437288,0.5502354426623874,450,89432.51515945759
242,influenza,0,deaths,1.0,0.0,0.9,261.4449186339507,0.024562522881118976,18.256588388763667,0.024562522881118976,195,62276.99378871326
243,influenza,0,deaths,1.0,0.5,0.25,33966.756807940066,2.82266857207013,2107.543030908372,2.82266857207013,456,94365.25678261067
244,influenza,0,deaths,1.0,0.5,0.5,1649.0153627070104,0.12415947523643396,74.955036419222,0.12415947523643396,373,92380.2477576448
245,influenza,0,deaths,1.0,0.5,0.9,99.69551381966967,0.009289054761914965,8.63336799331671,0.009289054761914965,138,63497.39034834944
246,influenza,0,deaths,1.0,1.0,0.25,30423.382400712326,2.457750560421347,1654.056636210173,2.457750560421347,501,97270.57167574119
247,influenza,0,deaths,1.0,1.0,0.5,622.7340808909747,0.04656672108187704,31.378422587936775,0.04656672108187704,300,92844.40399751894
248,influenza,0,deaths,1.0,1.0,0.9,58.352972323038536,0.005390858114036435,5.912480611004114,0.005390858114036435,109,64519.1680527742
249,influenza,0,deaths,1.0,1.5,0.25,27993.079391087234,2.217468191193091,1362.5377711090543,2.217468191193091,544,98531.69651357147
250,influenza,0,deaths,1.0,1.5,0.5,325.9136647300158,0.024294688549224806,18.159625539190213,0.024294688549224806,250,93078.69666834136
251,influenza,0,deaths,1.0,1.5,0.9,40.95241852978483,0.003750624338531472,4.69542432417161,0.003750624338531472,91,65277.59230160524
252,influenza,0,deaths,1.0,2.0,0.25,26311.348926558403,2.055880394405856,1169.5579293887754,2.055880394405856,583,99128.31375860784
253,influenza,0,deaths,1.0,2.0,0.5,205.36565283020224,0.01527397953862519,12.515034166943716,0.01527397953862519,215,93300.67996037335
254,influenza,0,deaths,1.0,2.0,0.9,31.725668114000296,0.002881593207763764,4.020409128778337,0.002881593207763764,79,66029.88484821412
255,influenza,0,deaths,2.0,0.0,0.25,27516.290461093322,2.1717968342999394,1352.8764616487135,2.1717968342999394,541,99544.46084024882
256,influenza,0,deaths,2.0,0.0,0.5,407.0098163313664,0.030380393304993418,21.504557977190714,0.030380393304993418,270,93277.28762588264
257,influenza,0,deaths,2.0,0.0,0.9,41.823864203685616,0.003844355641728227,4.364005103276373,0.003844355641728227,98,62467.69916278379
258,influenza,0,deaths,2.0,0.5,0.25,25610.589630690956,1.9900804477437282,1128.655130885786,1.9900804477437282,587,99815.76144816981
259,influenza,0,deaths,2.0,0.5,0.5,234.1729395746936,0.017435358020351604,13.599599682402502,0.017435358020351604,228,93349.2492305757
260,influenza,0,deaths,2.0,0.5,0.9,31.16930239429314,0.0028396812238235336,3.678507029728382,0.0028396812238235336,83,63573.096494147365
261,influenza,0,deaths,2.0,1.0,0.25,24379.010566375673,1.8752039551492106,986.5291119313788,1.8752039551492106,627,99913.65349925499
262,influenza,0,deaths,2.0,1.0,0.5,156.9788398984324,0.011663962765193714,9.920237977302433,0.011663962765193714,198,93457.77553040603
263,influenza,0,deaths,2.0,1.0,0.9,25.029305779019104,0.002258726655397162,3.2736362893571624,0.002258726655397162,72,64142.123872971526
264,influenza,0,deaths,2.0,1.5,0.25,23565.282391306333,1.800390768699757,893.4283125234494,1.800390768699757,660,99953.67014236572
265,influenza,0,deaths,2.0,1.5,0.5,115.69026548223462,0.00857976612941231,7.881153052237337,0.00857976612941231,176,93635.04906865532
266,influenza,0,deaths,2.0,1.5,0.9,21.21426594349855,0.0019004118293578765,3.0080918465771673,0.0019004118293578765,65,65243.231172532694
267,influenza,0,deaths,2.0,2.0,0.25,23017.393681563033,1.7504999016385479,831.0229460598267,1.7504999016385479,687,99972.31944156562
268,influenza,0,deaths,2.0,2.0,0.5,90.55786693342694,0.006704659704644801,6.6076401365875,0.006704659704644801,158,93730.08621621497
269,influenza,0,deaths,2.0,2.0,0.9,18.54371507418828,0.0016474554940014484,2.826227317750641,0.0016474554940014484,59,65782.64392898334
